,precision,recall,f1-score,support
0,0.9412507896399241,0.5248326875660444,0.673903211216644,2839.0
1,0.826651246466204,0.9857493104505056,0.8992172211350293,6526.0
accuracy,0.8460224239188467,0.8460224239188467,0.8460224239188467,0.8460224239188467
macro avg,0.8839510180530641,0.755290999008275,0.7865602161758367,9365.0
weighted avg,0.8613921010385683,0.8460224239188467,0.8309132730134815,9365.0
