,precision,recall,f1-score,support
0,0.900952380952381,0.8958333333333334,0.8983855650522317,528.0
1,0.9591988130563798,0.9613382899628253,0.96026735982176,1345.0
accuracy,0.9428723972237053,0.9428723972237053,0.9428723972237053,0.9428723972237053
macro avg,0.9300755970043804,0.9285858116480794,0.9293264624369959,1873.0
weighted avg,0.9427791034189471,0.9428723972237053,0.9428228389257051,1873.0
